<?xml version="1.0" encoding="UTF-8"?>
<solver>
  <environmentMode>DEBUG</environmentMode>
  <solutionClass>drools.cookbook.chapter08.planner.TechniciansSolution</solutionClass>
  <planningEntityClass>drools.cookbook.chapter08.domain.ServiceRequest</planningEntityClass>
  <scoreDrl>/serviceRequestScoreRules.drl</scoreDrl>
  <scoreDefinition>
    <scoreDefinitionType>SIMPLE</scoreDefinitionType>
  </scoreDefinition>
  <constructionHeuristic>
    <constructionHeuristicType>FIRST_FIT</constructionHeuristicType>
  </constructionHeuristic>
  <localSearch>
    <termination>
      <terminationCompositionStyle>OR</terminationCompositionStyle>
      <maximumStepCount>100</maximumStepCount>
      <scoreAttained>0</scoreAttained>
    </termination>
    <selector>
      <moveFactoryClass>drools.cookbook.chapter08.planner.SelectNextTechnicians</moveFactoryClass>
    </selector>
    <acceptor>
      <simulatedAnnealingStartingTemperature>5</simulatedAnnealingStartingTemperature>
    </acceptor>
    <forager>
      <pickEarlyType>NEVER</pickEarlyType>
    </forager>
  </localSearch>
</solver>
