<?xml version='1.0' encoding='utf-8'?>
<!DOCTYPE hibernate-configuration PUBLIC
        "-//Hibernate/Hibernate Configuration DTD 3.0//EN"
        "http://hibernate.sourceforge.net/hibernate-configuration-3.0.dtd">

<hibernate-configuration>

  <session-factory>

    <!-- H2 Database connection settings -->
    <!-- <property name="connection.driver_class">org.h2.Driver</property> -->
    <!-- <property name="connection.url">jdbc:h2:mem:mydb</property> -->
    <!-- <property name="connection.username">sa</property> -->
    <!-- <property name="connection.password">sa</property> -->
    <!-- <property name="connection.pool_size">1</property> -->
    <!-- <property name="dialect">org.hibernate.dialect.H2Dialect</property> -->
    <!-- <property name="current_session_context_class">thread</property> -->
    <!-- <property name="cache.provider_class">org.hibernate.cache.NoCacheProvider</property> -->
    <!-- <property name="show_sql">false</property> -->
    <!-- <property name="hbm2ddl.auto">create</property> -->
    <!-- <mapping resource="AuditLog.hbm.xml" /> -->

    <!-- MySQL Database connection settings -->
    <property name="connection.driver_class">com.mysql.jdbc.Driver</property>
    <property name="connection.url">jdbc:mysql://192.168.0.12/jbpmbam</property>
    <property name="connection.username">fm_user</property>
    <property name="connection.password">fm_pass</property>
    <property name="connection.pool_size">1</property>
    <property name="dialect">org.hibernate.dialect.MySQLDialect</property>
    <property name="current_session_context_class">thread</property>
    <property name="cache.provider_class">org.hibernate.cache.NoCacheProvider</property>
    <property name="show_sql">false</property>
    <property name="hbm2ddl.auto">create</property>
    <mapping resource="AuditLog.hbm.xml" />

  </session-factory>

</hibernate-configuration>